Round,Avg CPU (%),Peak CPU (%),Min CPU (%),Avg Memory (MB),Peak Memory (MB),Min Memory (MB),Avg Avail Mem (MB),Peak Avail Mem (MB),Min Avail Mem (MB)
1,29.62727272727273,46.95,0.0,973.5575284090909,1007.09765625,686.26953125,3044.2258522727275,3601.6484375,2873.79296875
