Round,Avg CPU (%),Peak CPU (%),Min CPU (%),Avg Memory (MB),Peak Memory (MB),Min Memory (MB),Avg Avail Mem (MB),Peak Avail Mem (MB),Min Avail Mem (MB)
1,41.86315789473685,48.725,6.25,966.5133634868421,1003.9140625,684.80859375,2955.651726973684,3523.91796875,2870.578125
