Round,Avg CPU (%),Peak CPU (%),Min CPU (%),Avg Memory (MB),Peak Memory (MB),Min Memory (MB),Avg Avail Mem (MB),Peak Avail Mem (MB),Min Avail Mem (MB)
1,41.30333333333335,48.7,4.75,937.9291666666667,985.41015625,657.70703125,2956.804166666667,3495.17578125,2858.8359375
