Round,Avg CPU (%),Peak CPU (%),Min CPU (%),Avg Memory (MB),Peak Memory (MB),Min Memory (MB),Avg Avail Mem (MB),Peak Avail Mem (MB),Min Avail Mem (MB)
1,41.939285714285724,48.7,24.975,939.7893415178571,988.78515625,666.71484375,2955.9709821428573,3478.47265625,2851.296875
