Round,Avg CPU (%),Peak CPU (%),Min CPU (%),Avg Memory (MB),Peak Memory (MB),Min Memory (MB),Avg Avail Mem (MB),Peak Avail Mem (MB),Min Avail Mem (MB)
1,42.31304347826088,50.225,13.25,945.7630774456521,998.7734375,659.44140625,2670.2345448369565,3239.2578125,2552.1015625
