Round,Avg CPU (%),Peak CPU (%),Min CPU (%),Avg Memory (MB),Peak Memory (MB),Min Memory (MB),Avg Avail Mem (MB),Peak Avail Mem (MB),Min Avail Mem (MB)
1,42.120000000000005,46.95,24.725,969.7966145833333,1028.3046875,662.47265625,2972.3020833333335,3526.25390625,2860.140625
