Round,Avg CPU (%),Peak CPU (%),Min CPU (%),Avg Memory (MB),Peak Memory (MB),Min Memory (MB),Avg Avail Mem (MB),Peak Avail Mem (MB),Min Avail Mem (MB)
1,41.181250000000006,48.7,2.25,948.447265625,995.65234375,660.59765625,2947.125244140625,3497.38671875,2851.33203125
