Round,Avg CPU (%),Peak CPU (%),Min CPU (%),Avg Memory (MB),Peak Memory (MB),Min Memory (MB),Avg Avail Mem (MB),Peak Avail Mem (MB),Min Avail Mem (MB)
1,41.65833333333333,47.45,19.975,953.2710503472222,995.16796875,659.40234375,2956.7037760416665,3501.0546875,2872.37890625
