Round,Avg CPU (%),Peak CPU (%),Min CPU (%),Avg Memory (MB),Peak Memory (MB),Min Memory (MB),Avg Avail Mem (MB),Peak Avail Mem (MB),Min Avail Mem (MB)
1,43.31195652173915,50.95,15.475,999.9719769021739,1035.26171875,689.390625,2920.1216032608695,3496.234375,2848.2265625
