Round,Avg CPU (%),Peak CPU (%),Min CPU (%),Avg Memory (MB),Peak Memory (MB),Min Memory (MB),Avg Avail Mem (MB),Peak Avail Mem (MB),Min Avail Mem (MB)
1,41.11666666666667,48.375,5.75,955.9114583333334,999.68359375,663.6953125,2957.855034722222,3521.30078125,2872.37890625
