Round,Avg CPU (%),Peak CPU (%),Min CPU (%),Avg Memory (MB),Peak Memory (MB),Min Memory (MB),Avg Avail Mem (MB),Peak Avail Mem (MB),Min Avail Mem (MB)
1,30.835227272727277,47.7,0.0,971.4360795454545,1005.68359375,683.62109375,3104.5003551136365,3604.3984375,2868.7578125
