Round,Avg CPU (%),Peak CPU (%),Min CPU (%),Avg Memory (MB),Peak Memory (MB),Min Memory (MB),Avg Avail Mem (MB),Peak Avail Mem (MB),Min Avail Mem (MB)
1,22.786627906976754,47.7,0.0,986.5618640988372,1004.87890625,686.69140625,3217.469840116279,3600.0703125,2838.2578125
