Round,Avg CPU (%),Peak CPU (%),Min CPU (%),Avg Memory (MB),Peak Memory (MB),Min Memory (MB),Avg Avail Mem (MB),Peak Avail Mem (MB),Min Avail Mem (MB)
1,41.56875000000001,47.7,9.75,961.376220703125,1007.33984375,687.94921875,2966.18310546875,3484.25390625,2873.64453125
