Round,Avg CPU (%),Peak CPU (%),Min CPU (%),Avg Memory (MB),Peak Memory (MB),Min Memory (MB),Avg Avail Mem (MB),Peak Avail Mem (MB),Min Avail Mem (MB)
1,42.70178571428572,45.95,25.225,931.6127232142857,985.59765625,657.203125,2953.4494977678573,3493.94921875,2842.8359375
