Round,Avg CPU (%),Peak CPU (%),Min CPU (%),Avg Memory (MB),Peak Memory (MB),Min Memory (MB),Avg Avail Mem (MB),Peak Avail Mem (MB),Min Avail Mem (MB)
1,42.807812500000004,47.45,24.975,968.226318359375,1014.13671875,690.2890625,2963.1689453125,3488.65234375,2871.48046875
