Round,Avg CPU (%),Peak CPU (%),Min CPU (%),Avg Memory (MB),Peak Memory (MB),Min Memory (MB),Avg Avail Mem (MB),Peak Avail Mem (MB),Min Avail Mem (MB)
1,27.52386363636364,49.475,0.0,957.5436789772727,991.40234375,659.484375,3137.120028409091,3550.33203125,2842.8359375
