Round,Avg CPU (%),Peak CPU (%),Min CPU (%),Avg Memory (MB),Peak Memory (MB),Min Memory (MB),Avg Avail Mem (MB),Peak Avail Mem (MB),Min Avail Mem (MB)
1,45.71634615384616,52.725,27.175,948.7503004807693,1023.37890625,659.40625,2787.138972355769,3323.0234375,2664.65625
