Round,Avg CPU (%),Peak CPU (%),Min CPU (%),Avg Memory (MB),Peak Memory (MB),Min Memory (MB),Avg Avail Mem (MB),Peak Avail Mem (MB),Min Avail Mem (MB)
1,30.221590909090914,48.7,0.0,955.6475497159091,988.7109375,663.90234375,3081.131924715909,3559.3984375,2850.34765625
