Round,Avg CPU (%),Peak CPU (%),Min CPU (%),Avg Memory (MB),Peak Memory (MB),Min Memory (MB),Avg Avail Mem (MB),Peak Avail Mem (MB),Min Avail Mem (MB)
1,42.29868421052633,47.95,13.725,1002.5900493421053,1045.0078125,685.85546875,2929.8098273026317,3500.91015625,2849.43359375
