Round,Avg CPU (%),Peak CPU (%),Min CPU (%),Avg Memory (MB),Peak Memory (MB),Min Memory (MB),Avg Avail Mem (MB),Peak Avail Mem (MB),Min Avail Mem (MB)
1,42.13035714285714,46.95,24.975,939.7112165178571,996.4921875,633.8671875,2958.0412946428573,3503.2109375,2851.296875
