Round,Avg CPU (%),Peak CPU (%),Min CPU (%),Avg Memory (MB),Peak Memory (MB),Min Memory (MB),Avg Avail Mem (MB),Peak Avail Mem (MB),Min Avail Mem (MB)
1,42.95185185185186,51.95,26.225,935.4350405092592,992.33203125,654.65234375,2594.812644675926,3160.953125,2479.265625
