Round,Avg CPU (%),Peak CPU (%),Min CPU (%),Avg Memory (MB),Peak Memory (MB),Min Memory (MB),Avg Avail Mem (MB),Peak Avail Mem (MB),Min Avail Mem (MB)
1,28.189024390243908,52.7,0.0,965.5775533536586,1000.20703125,663.66015625,2735.9299733231705,3201.40234375,2452.1015625
