Round,Avg CPU (%),Peak CPU (%),Min CPU (%),Avg Memory (MB),Peak Memory (MB),Min Memory (MB),Avg Avail Mem (MB),Peak Avail Mem (MB),Min Avail Mem (MB)
1,23.764024390243907,51.625,0.0,965.0985137195122,995.44140625,656.140625,2882.9727515243903,3259.70703125,2552.1015625
