Round,Avg CPU (%),Peak CPU (%),Min CPU (%),Avg Memory (MB),Peak Memory (MB),Min Memory (MB),Avg Avail Mem (MB),Peak Avail Mem (MB),Min Avail Mem (MB)
1,45.346153846153854,53.475,19.725,943.7983774038462,1001.71484375,644.58984375,2786.789813701923,3323.02734375,2664.65625
