Round,Avg CPU (%),Peak CPU (%),Min CPU (%),Avg Memory (MB),Peak Memory (MB),Min Memory (MB),Avg Avail Mem (MB),Peak Avail Mem (MB),Min Avail Mem (MB)
1,42.29473684210527,48.175,21.475,971.5341282894736,1007.7890625,687.33984375,2954.1465871710525,3495.8046875,2870.578125
