Round,Avg CPU (%),Peak CPU (%),Min CPU (%),Avg Memory (MB),Peak Memory (MB),Min Memory (MB),Avg Avail Mem (MB),Peak Avail Mem (MB),Min Avail Mem (MB)
1,41.96500000000001,47.95,18.95,958.2013020833333,1003.4921875,688.51953125,2972.3020833333335,3526.25390625,2860.140625
